{"cameraMode":{"drawMode":0,"name":"Shaded","section":"Shading Mode"},"sceneLighting":false,"audioPlay":false,"sceneViewState":{"m_AlwaysRefresh":false,"showFog":true,"showSkybox":false,"showFlares":true,"showImageEffects":true,"showParticleSystems":true,"showVisualEffectGraphs":true,"m_FxEnabled":true},"in2DMode":false,"pivot":{"x":0.00013846158981323242,"y":1.847756266593933,"z":-0.6582353115081787},"rotation":{"x":0.051396794617176059,"y":0.6821306943893433,"z":-0.0481700636446476,"w":0.7278282046318054},"size":3.5751936435699465,"orthographic":true}