{"cameraMode":{"drawMode":0,"name":"Shaded","section":"Shading Mode"},"sceneLighting":false,"audioPlay":false,"sceneViewState":{"m_AlwaysRefresh":false,"showFog":true,"showSkybox":false,"showFlares":true,"showImageEffects":true,"showParticleSystems":true,"showVisualEffectGraphs":true,"m_FxEnabled":true},"in2DMode":false,"pivot":{"x":-0.3999999165534973,"y":0.5689873099327087,"z":-0.40000009536743166},"rotation":{"x":0.051396794617176059,"y":0.6821306943893433,"z":-0.0481700636446476,"w":0.7278282046318054},"size":1.5243961811065674,"orthographic":true}