{"cameraMode":{"drawMode":0,"name":"Shaded","section":"Shading Mode"},"sceneLighting":false,"audioPlay":false,"sceneViewState":{"m_AlwaysRefresh":false,"showFog":true,"showSkybox":false,"showFlares":true,"showImageEffects":true,"showParticleSystems":true,"showVisualEffectGraphs":true,"m_FxEnabled":true},"in2DMode":false,"pivot":{"x":0.0003463625907897949,"y":2.3500986099243166,"z":0.7486310005187988},"rotation":{"x":0.051396794617176059,"y":0.6821306943893433,"z":-0.0481700636446476,"w":0.7278282046318054},"size":4.694770336151123,"orthographic":true}