{"cameraMode":{"drawMode":0,"name":"Shaded","section":"Shading Mode"},"sceneLighting":false,"audioPlay":false,"sceneViewState":{"m_AlwaysRefresh":false,"showFog":true,"showSkybox":false,"showFlares":true,"showImageEffects":true,"showParticleSystems":true,"showVisualEffectGraphs":true,"m_FxEnabled":true},"in2DMode":false,"pivot":{"x":0.009032726287841797,"y":0.009397938847541809,"z":-0.03030720353126526},"rotation":{"x":0.5118311047554016,"y":0.054048433899879459,"z":-0.0322880856692791,"w":0.8567764163017273},"size":0.4992779791355133,"orthographic":false}