{"cameraMode":{"drawMode":0,"name":"Shaded","section":"Shading Mode"},"sceneLighting":false,"audioPlay":false,"sceneViewState":{"m_AlwaysRefresh":false,"showFog":true,"showSkybox":false,"showFlares":true,"showImageEffects":true,"showParticleSystems":true,"showVisualEffectGraphs":true,"m_FxEnabled":true},"in2DMode":false,"pivot":{"x":0.0037346407771110536,"y":0.2655453085899353,"z":0.011832430958747864},"rotation":{"x":0.1663152277469635,"y":0.6160774827003479,"z":-0.13518169522285462,"w":0.7579671740531921},"size":0.3699069619178772,"orthographic":true}