{"cameraMode":{"drawMode":0,"name":"Shaded","section":"Shading Mode"},"sceneLighting":false,"audioPlay":false,"sceneViewState":{"m_AlwaysRefresh":false,"showFog":true,"showSkybox":false,"showFlares":true,"showImageEffects":true,"showParticleSystems":true,"showVisualEffectGraphs":true,"m_FxEnabled":true},"in2DMode":false,"pivot":{"x":0.17747128009796143,"y":1.9967775344848633,"z":0.21481040120124818},"rotation":{"x":0.051396794617176059,"y":0.6821306943893433,"z":-0.0481700636446476,"w":0.7278282046318054},"size":3.114786386489868,"orthographic":true}