{"cameraMode":{"drawMode":0,"name":"Shaded","section":"Shading Mode"},"sceneLighting":false,"audioPlay":false,"sceneViewState":{"m_AlwaysRefresh":false,"showFog":true,"showSkybox":false,"showFlares":true,"showImageEffects":true,"showParticleSystems":true,"showVisualEffectGraphs":true,"m_FxEnabled":true},"in2DMode":false,"pivot":{"x":0.0662238597869873,"y":1.702439546585083,"z":0.4003826379776001},"rotation":{"x":0.051396794617176059,"y":0.6821306943893433,"z":-0.0481700636446476,"w":0.7278282046318054},"size":2.7031266689300539,"orthographic":true}